Nbr,Id,ExpectedRows,ItemCount
1,0d3b51b2-befc-11ee-be26-0af7a01f52e9,249,249
2,4890f996-befc-11ee-be26-0af7a01f52e9,249,0
3,902a4fed-bf12-11ee-be26-0af7a01f52e9,0,0
4,8f316534-bf75-11ee-be26-0af7a01f52e9,249,0
5,1e0cabed-c230-11ee-be26-0af7a01f52e9,248,0
6,e02f1031-c234-11ee-be26-0af7a01f52e9,0,0
7,ad03038e-c236-11ee-be26-0af7a01f52e9,0,0
8,b34d8a49-c2ba-11ee-be26-0af7a01f52e9,248,0
9,b442777f-c2ba-11ee-be26-0af7a01f52e9,248,0
10,69d984ba-c2f7-11ee-be26-0af7a01f52e9,248,0
11,a3d05e8c-c38b-11ee-be26-0af7a01f52e9,248,0
12,558dcb84-c3a7-11ee-be26-0af7a01f52e9,248,0
13,1cb8bd15-c3b7-11ee-be26-0af7a01f52e9,0,0
14,1bcdec07-c3c4-11ee-be26-0af7a01f52e9,248,0
15,1df255ac-c3c4-11ee-be26-0af7a01f52e9,248,0
16,38276732-c407-11ee-be26-0af7a01f52e9,248,0
17,ed3c609d-c5ce-11ee-be26-0af7a01f52e9,446,0
18,debb1c55-c5d0-11ee-be26-0af7a01f52e9,248,0
19,17a6b38c-c5d4-11ee-be26-0af7a01f52e9,248,0
20,2b4a8291-c5d5-11ee-be26-0af7a01f52e9,248,0
21,e7b3d118-cc10-11ee-be26-0af7a01f52e9,50,0
22,45b0ffd7-cc11-11ee-be26-0af7a01f52e9,0,0
23,99f9d191-cc11-11ee-be26-0af7a01f52e9,200,0
24,47fbf8f9-cf91-11ee-be26-0af7a01f52e9,200,0
